# ************************************************************
# Sequel Pro SQL dump
# Version 4541
#
# http://www.sequelpro.com/
# https://github.com/sequelpro/sequelpro
#
# Host: 127.0.0.1 (MySQL 5.6.34)
# Database: db_aar
# Generation Time: 2017-10-26 00:13:04 +0000
# ************************************************************


/*!40101 SET @OLD_CHARACTER_SET_CLIENT=@@CHARACTER_SET_CLIENT */;
/*!40101 SET @OLD_CHARACTER_SET_RESULTS=@@CHARACTER_SET_RESULTS */;
/*!40101 SET @OLD_COLLATION_CONNECTION=@@COLLATION_CONNECTION */;
/*!40101 SET NAMES utf8 */;
/*!40014 SET @OLD_FOREIGN_KEY_CHECKS=@@FOREIGN_KEY_CHECKS, FOREIGN_KEY_CHECKS=0 */;
/*!40101 SET @OLD_SQL_MODE=@@SQL_MODE, SQL_MODE='NO_AUTO_VALUE_ON_ZERO' */;
/*!40111 SET @OLD_SQL_NOTES=@@SQL_NOTES, SQL_NOTES=0 */;


# Dump of table blog_comments
# ------------------------------------------------------------

DROP TABLE IF EXISTS `blog_comments`;

CREATE TABLE `blog_comments` (
  `id_comment` int(11) NOT NULL AUTO_INCREMENT,
  `post_id` int(11) NOT NULL,
  `author_id` int(11) NOT NULL DEFAULT '0',
  `author_name` tinytext NOT NULL,
  `author_email` varchar(100) NOT NULL,
  `comment_content` text NOT NULL,
  `comment_date` timestamp NOT NULL DEFAULT CURRENT_TIMESTAMP,
  `approved` tinyint(1) NOT NULL DEFAULT '0',
  `level` tinyint(1) NOT NULL DEFAULT '0',
  `parent_id` int(11) NOT NULL DEFAULT '0',
  PRIMARY KEY (`id_comment`)
) ENGINE=InnoDB DEFAULT CHARSET=latin1;

LOCK TABLES `blog_comments` WRITE;
/*!40000 ALTER TABLE `blog_comments` DISABLE KEYS */;

INSERT INTO `blog_comments` (`id_comment`, `post_id`, `author_id`, `author_name`, `author_email`, `comment_content`, `comment_date`, `approved`, `level`, `parent_id`)
VALUES
	(24,7,1,'Bigetion','adysuprianto@yahoo.co.id','asjkbcsakjbckjasb','0000-00-00 00:00:00',0,0,0),
	(25,7,1,'Bigetion 2','adysuprianto@yahoo.co.id','saya suka sekali','0000-00-00 00:00:00',0,0,0),
	(26,7,1,'Angga','angga@yahoo.co.id','sbcasbcj ascjbasjcbas casjbcasjkbc','0000-00-00 00:00:00',0,1,24),
	(27,7,1,'Rangga','rangga@gmail.com','jasbcac ascbasjas casjbcajsca scjasbckjabs','0000-00-00 00:00:00',0,2,26),
	(28,8,1,'Ady Suprianto','adysuprianto@yahoo.co.id','Good.!','0000-00-00 00:00:00',0,0,0);

/*!40000 ALTER TABLE `blog_comments` ENABLE KEYS */;
UNLOCK TABLES;


# Dump of table blog_posts
# ------------------------------------------------------------

DROP TABLE IF EXISTS `blog_posts`;

CREATE TABLE `blog_posts` (
  `id_post` int(11) NOT NULL AUTO_INCREMENT,
  `author_id` int(11) NOT NULL,
  `post_title` varchar(250) NOT NULL,
  `post_title_slug` text NOT NULL,
  `post_content` longblob NOT NULL,
  `description` text NOT NULL,
  `post_categories` text NOT NULL,
  `post_tags` text NOT NULL,
  `views_count` int(11) NOT NULL DEFAULT '0',
  `created` timestamp NOT NULL DEFAULT CURRENT_TIMESTAMP,
  `updated` timestamp NOT NULL DEFAULT CURRENT_TIMESTAMP,
  `thumbnail` text,
  `featured_image` text,
  `post_type` text,
  PRIMARY KEY (`id_post`)
) ENGINE=InnoDB DEFAULT CHARSET=latin1;

LOCK TABLES `blog_posts` WRITE;
/*!40000 ALTER TABLE `blog_posts` DISABLE KEYS */;

INSERT INTO `blog_posts` (`id_post`, `author_id`, `post_title`, `post_title_slug`, `post_content`, `description`, `post_categories`, `post_tags`, `views_count`, `created`, `updated`, `thumbnail`, `featured_image`, `post_type`)
VALUES
	(198,0,'Kalender PT Narmada Awet Muda Tahun 2017','kalender-pt-narmada-awet-muda-tahun-2017',X'3C703E3C696D6720616C743D222220626F726465723D223022206865696768743D2238303022206873706163653D223022207372633D22687474703A2F2F6C6F63616C686F73742F6E61726D6164614150492F696D6167652F6765742F663661396337303861653935346233396335346231306533656666636630613322207374796C653D2277696474683A203537332E36333570783B206865696768743A2038303070783B206D617267696E3A203070783B20626F726465723A2030707820736F6C696420626C61636B3B22207673706163653D2230222077696474683D223537332E36333531353331323931363132223E3C2F703E0A0A3C703E3C696D6720616C743D222220626F726465723D223022206865696768743D2238303022206873706163653D223022207372633D22687474703A2F2F6C6F63616C686F73742F6E61726D6164614150492F696D6167652F6765742F326633663661623939333633643233643635643638343431636630366233613122207374796C653D2277696474683A203537332E36333570783B206865696768743A2038303070783B206D617267696E3A203070783B20626F726465723A2030707820736F6C696420626C61636B3B22207673706163653D2230222077696474683D223537332E36333531353331323931363132223E3C2F703E0A0A3C703E3C696D6720616C743D222220626F726465723D223022206865696768743D2238303022206873706163653D223022207372633D22687474703A2F2F6C6F63616C686F73742F6E61726D6164614150492F696D6167652F6765742F323863666563353837653565663632616634373439646566633566316464353822207374796C653D2277696474683A203537332E36333570783B206865696768743A2038303070783B206D617267696E3A203070783B20626F726465723A2030707820736F6C696420626C61636B3B22207673706163653D2230222077696474683D223537332E36333531353331323931363132223E3C2F703E0A0A3C703E3C696D6720616C743D222220626F726465723D223022206865696768743D2238303022206873706163653D223022207372633D22687474703A2F2F6C6F63616C686F73742F6E61726D6164614150492F696D6167652F6765742F343263303363323130646639613031616465653831353162623332356435336422207374796C653D2277696474683A203537332E34353570783B206865696768743A2038303070783B206D617267696E3A203070783B20626F726465723A2030707820736F6C696420626C61636B3B22207673706163653D2230222077696474683D223537332E34353437313936393333333937223E3C2F703E0A','Menyambut tahun 2017, PT. Narmada Awet Muda release kalender baru 2017.','(narmada)','kalender',7,'2017-07-20 09:11:22','2017-07-20 09:11:22','8f265dce2f3ff4ce53e0553594de055dfde50b39.jpg','http://localhost/narmadaAPI/image/get/1e75382606aa4cad4e2110c46ef700b1','is_only_thumbnail'),
	(199,0,'Distributor Air Narmada','distributor-air-narmada',X'3C703E3C7370616E207374796C653D22636F6C6F723A207267622836382C2036382C203638293B20666F6E742D66616D696C793A20417269616C2C205461686F6D612C202671756F743B43656E7475727920676F746869632671756F743B2C2073616E732D73657269663B206261636B67726F756E642D636F6C6F723A20726762283235302C203235302C20323530293B223E4469737472696275746F722079616E67206D656E646973747269627573696B616E20416972204D696E6572616C204E61726D616461206469204C6F6D626F6B3C2F7370616E3E3C2F703E0A0A3C703E3C7374726F6E673E50542E204469737472696275736920416972204E61726D616461266E6273703B3C2F7374726F6E673E3C2F703E0A0A3C703E3C7370616E207374796C653D22636F6C6F723A207267622836382C2036382C203638293B20666F6E742D66616D696C793A20417269616C2C205461686F6D612C202671756F743B43656E7475727920676F746869632671756F743B2C2073616E732D73657269663B206261636B67726F756E642D636F6C6F723A20726762283235302C203235302C20323530293B223E3C696D6720616C743D222220626F726465723D223022206865696768743D2233353222206873706163653D223022207372633D22687474703A2F2F6C6F63616C686F73742F6E61726D6164614150492F696D6167652F6765742F633530653763306532663736336162303364356632353837393462646338386522207374796C653D2277696474683A35303470783B6865696768743A33353270783B6D617267696E2D746F703A3070783B6D617267696E2D626F74746F6D3A3070783B6D617267696E2D6C6566743A3070783B6D617267696E2D72696768743A3070783B626F726465723A30707820736F6C696420626C61636B3B22207673706163653D2230222077696474683D22353034223E3C2F7370616E3E3C2F703E0A0A3C703E3C7374726F6E67207374796C653D226D617267696E3A203070783B2070616464696E673A203070783B223E55442E2042696E612048617274613C2F7374726F6E673E3C2F703E0A0A3C703E3C7374726F6E67207374796C653D226D617267696E3A203070783B2070616464696E673A203070783B223E3C696D6720616C743D222220626F726465723D223022206865696768743D2233353222206873706163653D223022207372633D22687474703A2F2F6C6F63616C686F73742F6E61726D6164614150492F696D6167652F6765742F643136636264396639316165386363353966646366366464323034343339353922207374796C653D2277696474683A35303470783B6865696768743A33353270783B6D617267696E2D746F703A3070783B6D617267696E2D626F74746F6D3A3070783B6D617267696E2D6C6566743A3070783B6D617267696E2D72696768743A3070783B626F726465723A30707820736F6C696420626C61636B3B22207673706163653D2230222077696474683D22353034223E3C2F7374726F6E673E3C2F703E0A0A3C703E3C7374726F6E67207374796C653D226D617267696E3A203070783B2070616464696E673A203070783B223E55442E20466F7274756E613C2F7374726F6E673E3C2F703E0A0A3C703E3C7374726F6E67207374796C653D226D617267696E3A203070783B2070616464696E673A203070783B223E3C696D6720616C743D222220626F726465723D223022206865696768743D2233353222206873706163653D223022207372633D22687474703A2F2F6C6F63616C686F73742F6E61726D6164614150492F696D6167652F6765742F333366623831623130393462386430653365383261363434636166396536303422207374796C653D2277696474683A35303470783B6865696768743A33353270783B6D617267696E2D746F703A3070783B6D617267696E2D626F74746F6D3A3070783B6D617267696E2D6C6566743A3070783B6D617267696E2D72696768743A3070783B626F726465723A30707820736F6C696420626C61636B3B22207673706163653D2230222077696474683D22353034223E3C2F7374726F6E673E3C2F703E0A0A3C703E3C7374726F6E67207374796C653D226D617267696E3A203070783B2070616464696E673A203070783B223E55442E2054697274612041626164693C2F7374726F6E673E3C2F703E0A0A3C703E3C7374726F6E67207374796C653D226D617267696E3A203070783B2070616464696E673A203070783B223E3C696D6720616C743D222220626F726465723D223022206865696768743D2233353222206873706163653D223022207372633D22687474703A2F2F6C6F63616C686F73742F6E61726D6164614150492F696D6167652F6765742F643438653835346339616663626135646437653631633934373831346163363422207374796C653D2277696474683A35303470783B6865696768743A33353270783B6D617267696E2D746F703A3070783B6D617267696E2D626F74746F6D3A3070783B6D617267696E2D6C6566743A3070783B6D617267696E2D72696768743A3070783B626F726465723A30707820736F6C696420626C61636B3B22207673706163653D2230222077696474683D22353034223E3C2F7374726F6E673E3C2F703E0A','Distributor yang mendistribusikan Air Mineral Narmada di Lombok:','(narmada)','distributor',1,'2017-07-21 07:40:09','2017-07-21 07:40:09','831b975dd6b9861ffcb3d1f17139276f655969b8.jpg','http://localhost/narmadaAPI/image/get/eee73b2dd6503f6eee2db29b9ba24a99','is_only_thumbnail'),
	(200,1,'Posting 1','posting-1',X'3C703E49736920506F7374696E6720313C2F703E','Deskripsi Posting 1','1,2','42,43',0,'2017-10-26 05:42:28','2017-10-26 05:42:28','00e711ed6bc6c34c346cd8134776bb607b9c1afc.jpg',NULL,NULL);

/*!40000 ALTER TABLE `blog_posts` ENABLE KEYS */;
UNLOCK TABLES;


# Dump of table blog_taxonomy
# ------------------------------------------------------------

DROP TABLE IF EXISTS `blog_taxonomy`;

CREATE TABLE `blog_taxonomy` (
  `term_taxonomy_id` bigint(20) unsigned NOT NULL AUTO_INCREMENT,
  `term_id` bigint(20) unsigned NOT NULL DEFAULT '0',
  `taxonomy` varchar(32) NOT NULL DEFAULT '',
  `description` longtext NOT NULL,
  `parent` bigint(20) unsigned NOT NULL DEFAULT '0',
  `count` bigint(20) NOT NULL DEFAULT '0',
  PRIMARY KEY (`term_taxonomy_id`),
  UNIQUE KEY `term_id_taxonomy` (`term_id`,`taxonomy`),
  KEY `taxonomy` (`taxonomy`)
) ENGINE=MyISAM DEFAULT CHARSET=utf8;

LOCK TABLES `blog_taxonomy` WRITE;
/*!40000 ALTER TABLE `blog_taxonomy` DISABLE KEYS */;

INSERT INTO `blog_taxonomy` (`term_taxonomy_id`, `term_id`, `taxonomy`, `description`, `parent`, `count`)
VALUES
	(1,1,'category','',0,0),
	(2,2,'category','',0,0),
	(3,3,'category','',0,0),
	(4,4,'tag','',0,0),
	(5,5,'tag','',0,0),
	(6,6,'category','',0,0),
	(7,7,'tag','',0,0),
	(8,8,'tag','',0,0),
	(9,9,'tag','',0,0),
	(10,10,'category','',0,0),
	(11,11,'tag','',0,0),
	(13,13,'tag','',0,0),
	(14,14,'category','',0,0),
	(15,15,'category','',0,0),
	(23,23,'tag','-',0,0),
	(24,24,'tag','',0,0),
	(29,29,'tag','',0,0),
	(28,28,'tag','',0,0),
	(30,30,'tag','',0,0),
	(31,31,'tag','',0,0),
	(32,32,'tag','',0,0),
	(33,33,'tag','',0,0),
	(34,34,'tag','',0,0),
	(35,35,'tag','',0,0),
	(36,37,'tag','',0,0),
	(37,36,'tag','',0,0),
	(38,38,'tag','',0,0),
	(39,39,'tag','',0,0),
	(40,40,'tag','',0,0),
	(41,41,'tag','',0,0),
	(42,42,'tag','',0,0),
	(43,43,'tag','',0,0);

/*!40000 ALTER TABLE `blog_taxonomy` ENABLE KEYS */;
UNLOCK TABLES;


# Dump of table blog_terms
# ------------------------------------------------------------

DROP TABLE IF EXISTS `blog_terms`;

CREATE TABLE `blog_terms` (
  `term_id` bigint(20) unsigned NOT NULL AUTO_INCREMENT,
  `name` varchar(200) NOT NULL DEFAULT '',
  `slug` varchar(200) NOT NULL DEFAULT '',
  `term_group` bigint(10) NOT NULL DEFAULT '0',
  PRIMARY KEY (`term_id`),
  UNIQUE KEY `slug` (`slug`),
  KEY `name` (`name`)
) ENGINE=MyISAM DEFAULT CHARSET=utf8;

LOCK TABLES `blog_terms` WRITE;
/*!40000 ALTER TABLE `blog_terms` DISABLE KEYS */;

INSERT INTO `blog_terms` (`term_id`, `name`, `slug`, `term_group`)
VALUES
	(1,'Kategori 1','kategori-1',0),
	(2,'Kategori 2','kategori-2',0),
	(3,'Kategori 3','kategori-3',0),
	(4,'Tag 1','tag-1',0),
	(5,'Tag 2','tag-2',0),
	(6,'Kategori 4','kategori-4',0),
	(7,'Tag 3','tag-3',0),
	(8,'Tag 4','tag-4',0),
	(9,'Tag 5','tag-5',0),
	(10,'Kategori 5','kategori-5',0),
	(11,'Tag 6','tag-6',0),
	(13,'Tag 7','tag-7',0),
	(14,'Kategori 6','kategori-6',0),
	(15,'Kategori 7','kategori-7',0),
	(23,'Tag 8','tag-8',0),
	(24,'Tag 9','tag-9',0),
	(29,'Tag 11','tag-11',0),
	(28,'Tag 10','tag-10',0),
	(30,'Tag 13','tag-13',0),
	(31,'Tag 12','tag-12',0),
	(32,'Tag 14 ','tag-14',0),
	(33,'Tag 15','tag-15',0),
	(34,'Tag 16','tag-16',0),
	(35,'Tag 17','tag-17',0),
	(36,'Tag 18','tag-18',0),
	(37,'Tag 19','tag-19',0),
	(38,'Tag 20','tag-20',0),
	(39,'Tag 22','tag-22',0),
	(40,'Tag 21','tag-21',0),
	(41,'Tag 23','tag-23',0),
	(42,'Tag 25','tag-25',0),
	(43,'Tag 24','tag-24',0);

/*!40000 ALTER TABLE `blog_terms` ENABLE KEYS */;
UNLOCK TABLES;


# Dump of table pages
# ------------------------------------------------------------

DROP TABLE IF EXISTS `pages`;

CREATE TABLE `pages` (
  `id_page` varchar(50) NOT NULL,
  `content` longblob NOT NULL,
  PRIMARY KEY (`id_page`)
) ENGINE=MyISAM DEFAULT CHARSET=latin1;



# Dump of table roles
# ------------------------------------------------------------

DROP TABLE IF EXISTS `roles`;

CREATE TABLE `roles` (
  `id_role` int(10) NOT NULL AUTO_INCREMENT,
  `role_name` varchar(50) NOT NULL,
  `description` varchar(255) NOT NULL,
  `permission` text,
  PRIMARY KEY (`id_role`)
) ENGINE=InnoDB DEFAULT CHARSET=latin1;

LOCK TABLES `roles` WRITE;
/*!40000 ALTER TABLE `roles` DISABLE KEYS */;

INSERT INTO `roles` (`id_role`, `role_name`, `description`, `permission`)
VALUES
	(1,'Administrator','Memiliki Hak Akses Tertinggi Dalam Aplikasi',''),
	(2,'Guest','Pengunjung Website','page.home.index---page.home.resize'),
	(3,'Pengguna 2','Pengguna 2','page.home.index'),
	(30,'Pengguna 3','Pengguna 3','page.home.index');

/*!40000 ALTER TABLE `roles` ENABLE KEYS */;
UNLOCK TABLES;


# Dump of table short_link
# ------------------------------------------------------------

DROP TABLE IF EXISTS `short_link`;

CREATE TABLE `short_link` (
  `id_link` int(11) NOT NULL AUTO_INCREMENT,
  `link` varchar(100) NOT NULL,
  `short_link` varchar(50) NOT NULL,
  PRIMARY KEY (`id_link`),
  UNIQUE KEY `short_link` (`short_link`),
  UNIQUE KEY `link` (`link`)
) ENGINE=InnoDB DEFAULT CHARSET=latin1;



# Dump of table users
# ------------------------------------------------------------

DROP TABLE IF EXISTS `users`;

CREATE TABLE `users` (
  `id_user` int(10) NOT NULL AUTO_INCREMENT,
  `username` varchar(10) NOT NULL,
  `password` text NOT NULL,
  `id_role` int(10) NOT NULL,
  `id_type` tinyint(1) DEFAULT NULL,
  `id_external` bigint(20) DEFAULT NULL,
  PRIMARY KEY (`id_user`)
) ENGINE=InnoDB DEFAULT CHARSET=utf8;

LOCK TABLES `users` WRITE;
/*!40000 ALTER TABLE `users` DISABLE KEYS */;

INSERT INTO `users` (`id_user`, `username`, `password`, `id_role`, `id_type`, `id_external`)
VALUES
	(1,'Admin','$2y$10$REr05JWJTdM/Pmds0daTeOKngvViIfX9JYoqFk/cp5n6J463dmMQ6',1,NULL,NULL),
	(2,'Guest','$2y$10$tl8qEPewxNHVsHWyE/Jz6OrdThHNhKcnYzcE0Q/T7htzxIf1iL85e',2,NULL,NULL);

/*!40000 ALTER TABLE `users` ENABLE KEYS */;
UNLOCK TABLES;



/*!40111 SET SQL_NOTES=@OLD_SQL_NOTES */;
/*!40101 SET SQL_MODE=@OLD_SQL_MODE */;
/*!40014 SET FOREIGN_KEY_CHECKS=@OLD_FOREIGN_KEY_CHECKS */;
/*!40101 SET CHARACTER_SET_CLIENT=@OLD_CHARACTER_SET_CLIENT */;
/*!40101 SET CHARACTER_SET_RESULTS=@OLD_CHARACTER_SET_RESULTS */;
/*!40101 SET COLLATION_CONNECTION=@OLD_COLLATION_CONNECTION */;
